Top Features,Dataset,AUC Rate
1,circleseq_k562,0.240919072
1,circleseq_hek293,0.231299177
1,circleseq_u2os,0.279098789
1,Mean,0.250439012
2,circleseq_k562,0.495902298
2,circleseq_hek293,0.404071577
2,circleseq_u2os,0.391944247
2,Mean,0.430639374
3,circleseq_k562,0.51626786
3,circleseq_hek293,0.471375542
3,circleseq_u2os,0.545780527
3,Mean,0.51114131
4,circleseq_k562,0.542400129
4,circleseq_hek293,0.505625593
4,circleseq_u2os,0.564222743
4,Mean,0.537416155
5,circleseq_k562,0.557485474
5,circleseq_hek293,0.564609389
5,circleseq_u2os,0.567413481
5,Mean,0.563169448
6,circleseq_k562,0.538505905
6,circleseq_hek293,0.569481605
6,circleseq_u2os,0.564344935
6,Mean,0.557444148
7,circleseq_k562,0.574144821
7,circleseq_hek293,0.605282973
7,circleseq_u2os,0.601694361
7,Mean,0.593707385
8,circleseq_k562,0.581907778
8,circleseq_hek293,0.592666848
8,circleseq_u2os,0.607554199
8,Mean,0.594042942
9,circleseq_k562,0.62215976
9,circleseq_hek293,0.651557532
9,circleseq_u2os,0.647486933
9,Mean,0.640401408
10,circleseq_k562,0.609669897
10,circleseq_hek293,0.678192528
10,circleseq_u2os,0.660560642
10,Mean,0.649474356
11,circleseq_k562,0.644116666
11,circleseq_hek293,0.700259439
11,circleseq_u2os,0.674686322
11,Mean,0.673020809
12,circleseq_k562,0.681385219
12,circleseq_hek293,0.725535546
12,circleseq_u2os,0.69210745
12,Mean,0.699676072
13,circleseq_k562,0.671043413
13,circleseq_hek293,0.730691483
13,circleseq_u2os,0.695093094
13,Mean,0.698942663
14,circleseq_k562,0.69344279
14,circleseq_hek293,0.746066413
14,circleseq_u2os,0.721649402
14,Mean,0.720386202
15,circleseq_k562,0.720387418
15,circleseq_hek293,0.753029783
15,circleseq_u2os,0.740574627
15,Mean,0.737997276
16,circleseq_k562,0.742110208
16,circleseq_hek293,0.77701743
16,circleseq_u2os,0.75880871
16,Mean,0.759312116
17,circleseq_k562,0.748196191
17,circleseq_hek293,0.790452047
17,circleseq_u2os,0.764577101
17,Mean,0.76774178
18,circleseq_k562,0.767723324
18,circleseq_hek293,0.787449338
18,circleseq_u2os,0.769852975
18,Mean,0.775008546
19,circleseq_k562,0.786057265
19,circleseq_hek293,0.801623816
19,circleseq_u2os,0.777947472
19,Mean,0.788542851
20,circleseq_k562,0.786880251
20,circleseq_hek293,0.810876733
20,circleseq_u2os,0.77303452
20,Mean,0.790263834
21,circleseq_k562,0.781488075
21,circleseq_hek293,0.813538807
21,circleseq_u2os,0.762290206
21,Mean,0.785772362
22,circleseq_k562,0.776491077
22,circleseq_hek293,0.814272387
22,circleseq_u2os,0.770369955
22,Mean,0.787044473
23,circleseq_k562,0.790739251
23,circleseq_hek293,0.826784762
23,circleseq_u2os,0.783034839
23,Mean,0.800186284
24,circleseq_k562,0.8062173
24,circleseq_hek293,0.838915955
24,circleseq_u2os,0.787193527
24,Mean,0.810775594
25,circleseq_k562,0.799413099
25,circleseq_hek293,0.839110407
25,circleseq_u2os,0.781301694
25,Mean,0.8066084
26,circleseq_k562,0.794940253
26,circleseq_hek293,0.848993757
26,circleseq_u2os,0.790197984
26,Mean,0.811377331
27,circleseq_k562,0.793089904
27,circleseq_hek293,0.854128114
27,circleseq_u2os,0.786017343
27,Mean,0.811078454
28,circleseq_k562,0.792203534
28,circleseq_hek293,0.855733431
28,circleseq_u2os,0.788005889
28,Mean,0.811980951
29,circleseq_k562,0.800361243
29,circleseq_hek293,0.845801536
29,circleseq_u2os,0.795136742
29,Mean,0.813766507
30,circleseq_k562,0.790570448
30,circleseq_hek293,0.851384176
30,circleseq_u2os,0.794211927
30,Mean,0.812055517
