sgRNA,Target,Mutation,CRISOT-Score,"(0.65, 0.7]","(0.7, 0.75]","(0.75, 0.8]","(0.8, 1.0]",CRISOT-Spec,delta_Spec
GAGTCCGAGGAGAAGACGAAGGG,GAGTCCGAGGAGAAGACGAAGGG,WT,0.949741088618632,0,1,0,0,0.9852401177953084,0.0
GAGTCCGAGGAAAAGACGAAGGG,GAGTCCGAGGAGAAGACGAAGGG,G12>A,0.813479666536991,0,0,0,0,0.9998542212545412,0.014614103459232752
GAGTCCGAGGATAAGACGAAGGG,GAGTCCGAGGAGAAGACGAAGGG,G12>T,0.8108616491245297,0,0,0,0,0.9998542212545412,0.014614103459232752
GAGTCCGAGGAGACGACGAAGGG,GAGTCCGAGGAGAAGACGAAGGG,A14>C,0.8201764755368828,0,0,0,0,0.9998542212545412,0.014614103459232752
GAGTCCGAGGAGAAAACGAAGGG,GAGTCCGAGGAGAAGACGAAGGG,G15>A,0.8168457498930475,0,0,0,0,0.9998542212545412,0.014614103459232752
GAGTCCGAGGAGAAGACAAAGGG,GAGTCCGAGGAGAAGACGAAGGG,G18>A,0.8205871357495987,0,0,0,0,0.9998513221084026,0.01461120431309415
GAGTCCGAGGAGAAGACTAAGGG,GAGTCCGAGGAGAAGACGAAGGG,G18>T,0.8042008541465024,0,0,0,0,0.9998492227372113,0.014609104941902928
GAGTGCGAGGAGAAGACGAAGGG,GAGTCCGAGGAGAAGACGAAGGG,C5>G,0.8446302268270148,0,0,0,0,0.9984260811257133,0.013185963330404893
GAGTCCGAAGAGAAGACGAAGGG,GAGTCCGAGGAGAAGACGAAGGG,G9>A,0.8521761460055656,0,0,0,0,0.9984260811257133,0.013185963330404893
GAGTCCGACGAGAAGACGAAGGG,GAGTCCGAGGAGAAGACGAAGGG,G9>C,0.841296627530812,0,0,0,0,0.9984260811257133,0.013185963330404893
GAGTCCGAGGAGATGACGAAGGG,GAGTCCGAGGAGAAGACGAAGGG,A14>T,0.8506266314265643,0,0,0,0,0.9984260811257133,0.013185963330404893
GAGTCCGAGGAGAAGCCGAAGGG,GAGTCCGAGGAGAAGACGAAGGG,A16>C,0.8450673164317928,0,0,0,0,0.9984260811257133,0.013185963330404893
GAGTCCGAGGAGAAGACGCAGGG,GAGTCCGAGGAGAAGACGAAGGG,A19>C,0.8464056691009149,0,0,0,0,0.9984260811257133,0.013185963330404893
GAGTCCGAGGAGAAGACGACGGG,GAGTCCGAGGAGAAGACGAAGGG,A20>C,0.84163137836144,0,0,0,0,0.9984260811257133,0.013185963330404893
GAGTCCCAGGAGAAGACGAAGGG,GAGTCCGAGGAGAAGACGAAGGG,G7>C,0.8289507012229704,0,0,0,0,0.9984231902556292,0.0131830724603208
GAGTCCTAGGAGAAGACGAAGGG,GAGTCCGAGGAGAAGACGAAGGG,G7>T,0.8559093019051092,0,0,0,0,0.9984231902556292,0.0131830724603208
GAGTCCGAGGAGCAGACGAAGGG,GAGTCCGAGGAGAAGACGAAGGG,A13>C,0.8485061319544362,0,0,0,0,0.9984231902556292,0.0131830724603208
GAGGCCGAGGAGAAGACGAAGGG,GAGTCCGAGGAGAAGACGAAGGG,T4>G,0.8670272568472632,0,0,0,0,0.9984161126788462,0.013175994883537823
GAGTACGAGGAGAAGACGAAGGG,GAGTCCGAGGAGAAGACGAAGGG,C5>A,0.8613604141521125,0,0,0,0,0.9984161126788462,0.013175994883537823
GAGTCCGATGAGAAGACGAAGGG,GAGTCCGAGGAGAAGACGAAGGG,G9>T,0.8634149328221608,0,0,0,0,0.9984161126788462,0.013175994883537823
GAGTCCGAGGCGAAGACGAAGGG,GAGTCCGAGGAGAAGACGAAGGG,A11>C,0.8693341726180479,0,0,0,0,0.9984161126788462,0.013175994883537823
GAGTCCGAGGAGAAGACGTAGGG,GAGTCCGAGGAGAAGACGAAGGG,A19>T,0.8661508625080467,0,0,0,0,0.9984161126788462,0.013175994883537823
GAGTCCGAGGAGTAGACGAAGGG,GAGTCCGAGGAGAAGACGAAGGG,A13>T,0.8689960765684733,0,0,0,0,0.9984132218664876,0.01317310407117922
GAGTCCGAGGAGAGGACGAAGGG,GAGTCCGAGGAGAAGACGAAGGG,A14>G,0.8643140384281982,0,0,0,0,0.9984132218664876,0.01317310407117922
GAGTCCAAGGAGAAGACGAAGGG,GAGTCCGAGGAGAAGACGAAGGG,G7>A,0.8584095708497544,0,0,0,0,0.9984111285300572,0.0131710107347488
GAGTCGGAGGAGAAGACGAAGGG,GAGTCCGAGGAGAAGACGAAGGG,C6>G,0.8581345132565499,0,0,0,0,0.996862077552281,0.011621959756972555
GAATCCGAGGAGAAGACGAAGGG,GAGTCCGAGGAGAAGACGAAGGG,G3>A,0.8832610639764847,1,0,0,0,0.9967212853319007,0.01148116753659234
GACTCCGAGGAGAAGACGAAGGG,GAGTCCGAGGAGAAGACGAAGGG,G3>C,0.8777821187284249,1,0,0,0,0.9967212853319007,0.01148116753659234
GATTCCGAGGAGAAGACGAAGGG,GAGTCCGAGGAGAAGACGAAGGG,G3>T,0.8890736659451799,1,0,0,0,0.9967212853319007,0.01148116753659234
GAGACCGAGGAGAAGACGAAGGG,GAGTCCGAGGAGAAGACGAAGGG,T4>A,0.8873931705476016,1,0,0,0,0.9967212853319007,0.01148116753659234
GAGCCCGAGGAGAAGACGAAGGG,GAGTCCGAGGAGAAGACGAAGGG,T4>C,0.8872080539028344,1,0,0,0,0.9967212853319007,0.01148116753659234
GAGTTCGAGGAGAAGACGAAGGG,GAGTCCGAGGAGAAGACGAAGGG,C5>T,0.8904410352142267,1,0,0,0,0.9967212853319007,0.01148116753659234
GAGTCCGCGGAGAAGACGAAGGG,GAGTCCGAGGAGAAGACGAAGGG,A8>C,0.8712647617633016,1,0,0,0,0.9967212853319007,0.01148116753659234
GAGTCCGTGGAGAAGACGAAGGG,GAGTCCGAGGAGAAGACGAAGGG,A8>T,0.8793034096921271,1,0,0,0,0.9967212853319007,0.01148116753659234
GAGTCCGAGGTGAAGACGAAGGG,GAGTCCGAGGAGAAGACGAAGGG,A11>T,0.8756100632805613,1,0,0,0,0.9967212853319007,0.01148116753659234
GAGTCCGAGGAGAAGGCGAAGGG,GAGTCCGAGGAGAAGACGAAGGG,A16>G,0.8994567163884916,1,0,0,0,0.9967212853319007,0.01148116753659234
GAGTCCGAGGAGAAGACGGAGGG,GAGTCCGAGGAGAAGACGAAGGG,A19>G,0.8790968659491942,1,0,0,0,0.9967212853319007,0.01148116753659234
GAGTCCGAGGAGAAGACGAGGGG,GAGTCCGAGGAGAAGACGAAGGG,A20>G,0.8911279755063855,1,0,0,0,0.9967212853319007,0.01148116753659234
GAGTCCGAGGAGAAGACGATGGG,GAGTCCGAGGAGAAGACGAAGGG,A20>T,0.8763904666673292,1,0,0,0,0.9967212853319007,0.01148116753659234
GAGTCCGAGGAGAAGTCGAAGGG,GAGTCCGAGGAGAAGACGAAGGG,A16>T,0.8729044031640718,1,0,0,0,0.9967184043255984,0.011478286530290038
GAGTCCGAGGAGGAGACGAAGGG,GAGTCCGAGGAGAAGACGAAGGG,A13>G,0.8992443699970429,1,0,0,0,0.9967063837548821,0.011466265959573674
AAGTCCGAGGAGAAGACGAAGGG,GAGTCCGAGGAGAAGACGAAGGG,G1>A,0.9035440128937179,1,0,0,0,0.9965963245726869,0.011356206777378475
CAGTCCGAGGAGAAGACGAAGGG,GAGTCCGAGGAGAAGACGAAGGG,G1>C,0.9070215654951753,1,0,0,0,0.9965963245726869,0.011356206777378475
TAGTCCGAGGAGAAGACGAAGGG,GAGTCCGAGGAGAAGACGAAGGG,G1>T,0.8997827330475685,1,0,0,0,0.9965963245726869,0.011356206777378475
GAGTCCGGGGAGAAGACGAAGGG,GAGTCCGAGGAGAAGACGAAGGG,A8>G,0.9089444604527681,1,0,0,0,0.9965963245726869,0.011356206777378475
GAGTCAGAGGAGAAGACGAAGGG,GAGTCCGAGGAGAAGACGAAGGG,C6>A,0.8788424481859816,1,0,0,0,0.9965913585762617,0.011351240780953287
GCGTCCGAGGAGAAGACGAAGGG,GAGTCCGAGGAGAAGACGAAGGG,A2>C,0.9114593418783814,1,0,0,0,0.9951774695005473,0.009937351705238906
GTGTCCGAGGAGAAGACGAAGGG,GAGTCCGAGGAGAAGACGAAGGG,A2>T,0.9200325366363582,1,0,0,0,0.9951774695005473,0.009937351705238906
GAGTCTGAGGAGAAGACGAAGGG,GAGTCCGAGGAGAAGACGAAGGG,C6>T,0.9028945406327935,2,0,0,0,0.9934886752225911,0.008248557427282699
GGGTCCGAGGAGAAGACGAAGGG,GAGTCCGAGGAGAAGACGAAGGG,A2>G,0.9265897604575376,0,1,0,0,0.9852449713096664,4.853514357971989e-06
GAGTCCGAGGGGAAGACGAAGGG,GAGTCCGAGGAGAAGACGAAGGG,A11>G,0.9238444562652246,0,1,0,0,0.9852449713096664,4.853514357971989e-06
GAGTCCGAGAAGAAGACGAAGGG,GAGTCCGAGGAGAAGACGAAGGG,G10>A,0.8405564348965238,0,1,0,0,0.9852401177953084,0.0
GAGTCCGAGGAGAAGATGAAGGG,GAGTCCGAGGAGAAGACGAAGGG,C17>T,0.8687547022846973,0,1,0,0,0.9838533916771512,-0.0013867261181571555
GAGTCCGAGTAGAAGACGAAGGG,GAGTCCGAGGAGAAGACGAAGGG,G10>T,0.8162122114902451,0,0,1,0,0.9507566977481707,-0.03448342004713767
GAGTCCGAGGAGAAGAGGAAGGG,GAGTCCGAGGAGAAGACGAAGGG,C17>G,0.8247424721114509,0,0,1,0,0.9507566977481707,-0.03448342004713767
GAGTCCGAGCAGAAGACGAAGGG,GAGTCCGAGGAGAAGACGAAGGG,G10>C,0.8180927867289103,1,0,0,1,0.9111496102193082,-0.07409050757600022
GAGTCCGAGGAGAAGAAGAAGGG,GAGTCCGAGGAGAAGACGAAGGG,C17>A,0.8208678313407132,0,1,0,1,0.9016520339060838,-0.08358808388922456
