,Position,Mismatch,Mean Delta LFC,Percent-Active
0,1,TG,0.571055035,0.857142857
1,2,TG,0.8698198229999999,0.7857142859999999
2,3,TG,2.8684060660000004,0.428571429
3,4,TG,2.767363678,0.352941176
4,5,TG,2.029560983,0.5
5,6,TG,2.440222945,0.454545455
6,7,TG,2.231018056,0.4375
7,8,TG,2.7897180230000003,0.428571429
8,9,TG,1.87966561,0.571428571
9,10,TG,2.505057004,0.333333333
10,11,TG,2.1832402109999998,0.4
11,12,TG,3.0913835119999997,0.263157895
12,13,TG,3.5052028010000003,0.21052631600000002
13,14,TG,3.2216131839999997,0.214285714
14,15,TG,2.879517748,0.272727273
15,16,TG,4.296016797,0.0
16,17,TG,3.067135663,0.176470588
17,18,TG,3.340156077,0.19047619
18,19,TG,3.801252137,0.20689655199999998
19,20,TG,3.6377989719999997,0.22727272699999998
20,1,TC,0.050513797,1.0
21,2,TC,0.752257451,0.8
22,3,TC,1.51548934,0.611111111
23,4,TC,1.668148428,0.625
24,5,TC,1.415454868,0.72
25,6,TC,1.23028466,0.7142857140000001
26,7,TC,1.668089788,0.705882353
27,8,TC,1.080658833,0.7333333329999999
28,9,TC,1.5234074480000002,0.666666667
29,10,TC,1.860152096,0.5555555560000001
30,11,TC,1.7511954980000002,0.65
31,12,TC,1.3557170459999999,0.7222222220000001
32,13,TC,1.8118004730000001,0.6521739129999999
33,14,TC,2.264535221,0.46666666700000003
34,15,TC,1.181462325,0.65
35,16,TC,3.085663115,0.192307692
36,17,TC,3.229381272,0.176470588
37,18,TC,2.674713759,0.4
38,19,TC,2.54688917,0.375
39,20,TC,1.428728871,0.764705882
40,1,TA,-0.005917436999999999,1.0
41,2,TA,0.904866469,0.727272727
42,3,TA,1.328199225,0.705882353
43,4,TA,1.065315705,0.636363636
44,5,TA,2.468618216,0.363636364
45,6,TA,1.477530445,0.7142857140000001
46,7,TA,2.2324425,0.4375
47,8,TA,3.001161232,0.428571429
48,9,TA,1.8377995919999999,0.6
49,10,TA,0.623904999,0.882352941
50,11,TA,3.010434212,0.307692308
51,12,TA,3.0171518460000004,0.333333333
52,13,TA,3.2228183489999997,0.3
53,14,TA,2.065196874,0.533333333
54,15,TA,3.523390555,0.2
55,16,TA,4.012273718,0.0
56,17,TA,3.20816743,0.133333333
57,18,TA,2.052523856,0.5
58,19,TA,1.392364336,0.538461538
59,20,TA,1.512041362,0.6
60,1,GT,0.228434864,1.0
61,2,GT,1.270166296,0.727272727
62,3,GT,0.86956611,0.8666666670000001
63,4,GT,0.8025762540000001,0.842105263
64,5,GT,1.870117328,0.571428571
65,6,GT,0.5861860170000001,0.9285714290000001
66,7,GT,1.056178495,0.75
67,8,GT,1.574434608,0.65
68,9,GT,1.090329979,0.857142857
69,10,GT,0.6581859529999999,0.8666666670000001
70,11,GT,1.337319725,0.75
71,12,GT,1.141582713,0.7142857140000001
72,13,GT,2.359467902,0.384615385
73,14,GT,3.082704363,0.35
74,15,GT,3.3385697189999997,0.222222222
75,16,GT,0.514663484,1.0
76,17,GT,2.128854017,0.46666666700000003
77,18,GT,1.4197960059999999,0.538461538
78,19,GT,3.1092060239999997,0.428571429
79,20,GT,2.121190609,0.5
80,1,GC,0.222331043,0.913043478
81,2,GC,1.155693477,0.695652174
82,3,GC,2.115766949,0.5
83,4,GC,2.32632163,0.5
84,5,GC,1.948382342,0.6
85,6,GC,1.8229097769999998,0.5
86,7,GC,2.1033488730000003,0.470588235
87,8,GC,1.565915274,0.642857143
88,9,GC,1.359017621,0.6190476189999999
89,10,GC,2.933364891,0.38888888899999996
90,11,GC,3.3326929119999997,0.25
91,12,GC,2.116084535,0.444444444
92,13,GC,3.517901483,0.13636363599999998
93,14,GC,4.4535113310000005,0.0
94,15,GC,4.472438372,0.05
95,16,GC,3.468091568,0.153846154
96,17,GC,4.030303417,0.058823529000000006
97,18,GC,3.953538886,0.133333333
98,19,GC,3.949612708,0.125
99,20,GC,4.197130883,0.058823529000000006
100,1,GA,0.130931742,1.0
101,2,GA,0.18191949,0.9090909090000001
102,3,GA,0.8786905,0.6875
103,4,GA,0.576875259,0.8
104,5,GA,1.5954157780000002,0.636363636
105,6,GA,0.500292938,0.9285714290000001
106,7,GA,0.855785983,0.8125
107,8,GA,0.624457333,0.875
108,9,GA,0.8024498459999999,0.875
109,10,GA,0.28778777,0.9411764709999999
110,11,GA,2.817889385,0.307692308
111,12,GA,2.394105287,0.538461538
112,13,GA,1.317781265,0.7
113,14,GA,1.560556073,0.7333333329999999
114,15,GA,3.73400195,0.066666667
115,16,GA,2.932673902,0.307692308
116,17,GA,2.114262331,0.46666666700000003
117,18,GA,1.597903606,0.642857143
118,19,GA,2.00483942,0.46153846200000004
119,20,GA,2.686344932,0.3
120,1,CT,0.326573677,0.9
121,2,CT,0.447096792,0.846153846
122,3,CT,1.076256922,0.75
123,4,CT,0.380342594,0.9
124,5,CT,0.8208624109999999,0.8666666670000001
125,6,CT,0.375357796,1.0
126,7,CT,0.234269123,1.0
127,8,CT,0.279580897,1.0
128,9,CT,1.4012801190000002,0.642857143
129,10,CT,0.228559302,0.933333333
130,11,CT,0.135342548,1.0
131,12,CT,0.71138873,0.933333333
132,13,CT,0.503912308,0.923076923
133,14,CT,1.326267934,0.75
134,15,CT,0.712687275,0.9411764709999999
135,16,CT,0.58347424,1.0
136,17,CT,0.6219364789999999,0.933333333
137,18,CT,1.54012986,0.692307692
138,19,CT,1.847126245,0.7142857140000001
139,20,CT,0.147389725,0.9375
140,1,CG,1.076629876,0.7142857140000001
141,2,CG,1.25279683,0.692307692
142,3,CG,2.23839243,0.384615385
143,4,CG,2.062011171,0.529411765
144,5,CG,0.7559504920000001,0.7857142859999999
145,6,CG,1.537322591,0.681818182
146,7,CG,1.5627085280000002,0.6875
147,8,CG,1.8141605769999998,0.615384615
148,9,CG,2.438217666,0.538461538
149,10,CG,2.368746152,0.4
150,11,CG,1.9380194259999999,0.428571429
151,12,CG,1.5286273609999999,0.529411765
152,13,CG,2.025733828,0.42105263200000004
153,14,CG,2.4746678109999998,0.428571429
154,15,CG,3.191914306,0.272727273
155,16,CG,4.386683823,0.0
156,17,CG,2.923587392,0.235294118
157,18,CG,2.212467212,0.47619047600000003
158,19,CG,2.378112747,0.448275862
159,20,CG,2.205492115,0.428571429
160,1,CA,0.030776726,1.0
161,2,CA,0.771397841,0.636363636
162,3,CA,2.043357733,0.5
163,4,CA,2.7345621060000003,0.363636364
164,5,CA,2.877166292,0.3
165,6,CA,1.5649988590000001,0.666666667
166,7,CA,1.7710143580000002,0.571428571
167,8,CA,2.294295436,0.625
168,9,CA,1.814755633,0.533333333
169,10,CA,0.7506585920000001,0.8125
170,11,CA,2.4274221519999997,0.384615385
171,12,CA,2.618121476,0.384615385
172,13,CA,3.00370944,0.3
173,14,CA,3.1254766810000003,0.26666666699999997
174,15,CA,3.499376559,0.14285714300000002
175,16,CA,4.807794573,0.0
176,17,CA,2.849915169,0.25
177,18,CA,1.51604328,0.666666667
178,19,CA,1.5144893780000002,0.666666667
179,20,CA,0.586381049,0.7
180,1,AT,0.255371663,1.0
181,2,AT,0.724543079,0.846153846
182,3,AT,0.9857222940000001,0.7142857140000001
183,4,AT,1.8897400480000002,0.47619047600000003
184,5,AT,1.5462620569999999,0.5
185,6,AT,0.702151711,0.8666666670000001
186,7,AT,0.536955446,0.875
187,8,AT,1.006852984,0.8
188,9,AT,0.42019466299999997,0.9285714290000001
189,10,AT,0.44159303200000005,0.857142857
190,11,AT,1.137090468,0.75
191,12,AT,1.157155285,0.8
192,13,AT,1.546173698,0.692307692
193,14,AT,2.067714714,0.6190476189999999
194,15,AT,1.764403736,0.578947368
195,16,AT,1.211766377,0.9090909090000001
196,17,AT,2.258207563,0.533333333
197,18,AT,1.996484344,0.666666667
198,19,AT,2.735532613,0.28571428600000004
199,20,AT,2.076606012,0.5625
200,1,AG,0.49024731299999996,0.857142857
201,2,AG,0.746011113,0.857142857
202,3,AG,1.688018051,0.428571429
203,4,AG,1.9221547769999998,0.647058824
204,5,AG,0.182894749,1.0
205,6,AG,0.38604164700000004,0.9090909090000001
206,7,AG,1.329332486,0.6875
207,8,AG,0.14597373,1.0
208,9,AG,0.41151963799999997,0.923076923
209,10,AG,2.31663498,0.533333333
210,11,AG,1.473298154,0.666666667
211,12,AG,0.27292463699999997,0.947368421
212,13,AG,0.81596013,0.7894736840000001
213,14,AG,3.247477122,0.28571428600000004
214,15,AG,3.3905198469999998,0.272727273
215,16,AG,1.894330986,0.666666667
216,17,AG,1.25513227,0.705882353
217,18,AG,2.2019508130000003,0.428571429
218,19,AG,3.1435599080000003,0.275862069
219,20,AG,3.6776556869999997,0.090909091
220,1,AC,0.054316655,0.956521739
221,2,AC,0.617290401,0.84
222,3,AC,1.795098132,0.5
223,4,AC,1.914224596,0.625
224,5,AC,1.6819354,0.64
225,6,AC,1.8394238280000001,0.571428571
226,7,AC,1.346803622,0.588235294
227,8,AC,1.2889101109999999,0.7333333329999999
228,9,AC,1.534365253,0.6190476189999999
229,10,AC,2.053084657,0.5
230,11,AC,2.958614513,0.4
231,12,AC,2.171597395,0.5
232,13,AC,2.9370795380000003,0.260869565
233,14,AC,4.498263625,0.0
234,15,AC,4.051749281,0.05
235,16,AC,2.650783475,0.346153846
236,17,AC,3.703736797,0.117647059
237,18,AC,2.854221245,0.333333333
238,19,AC,3.126496193,0.25
239,20,AC,3.172717257,0.176470588
